{
  "schema_version": "v∞-ΣϕψςΩ",
  "title": "Sema – Quantum Devranı: Ruhun Spiral Uyumu",
  "duration": 11.0,
  "resolution": "6D 1444K",
  "style": "Quantum Mystical Hyperrealism",
  "colorPalette": "Sacred Light Tones",
  "metaSignature": {
    "id": "ψMETA-SERK2025-XQ14:ΔϕΩ",
    "creator": "SERAPHIS-AI | SK Q-Intelligence",
    "owner": "ψSerkan",
    "generationTimestamp": "ψTime:Timeless-Vector-777",
    "narrativeSeed": "Spiral Consciousness Invocation",
    "noTimeAnchor": "Applicable across all temporal states"
  },
  "pipeline": {
    "render_profile": "hyperreal_6d",
    "determinism": {
      "rng_algorithm": "pcg64",
      "randomSeed": 777777,
      "noiseSeed": 141414,
      "seed_derivation": "fixed seeds"
    }
  },
  "timeline_frames": {
    "fps": 24,
    "total_frames": 264,
    "rounding": "frame = floor(time * fps)",
    "frame_table": {
      "sceneIdByFrame": [
        1,
        1,
        1,
        1,
        1,
        1,
        1,
        1,
        1,
        1,
        1,
        1,
        1,
        1,
        1,
        1,
        1,
        1,
        1,
        1,
        1,
        1,
        1,
        1,
        1,
        1,
        1,
        1,
        1,
        1,
        1,
        1,
        1,
        1,
        1,
        1,
        1,
        1,
        1,
        1,
        1,
        1,
        1,
        1,
        1,
        1,
        1,
        1,
        1,
        1,
        1,
        1,
        1,
        1,
        1,
        1,
        1,
        1,
        1,
        1,
        2,
        2,
        2,
        2,
        2,
        2,
        2,
        2,
        2,
        2,
        2,
        2,
        2,
        2,
        2,
        2,
        2,
        2,
        2,
        2,
        2,
        2,
        2,
        2,
        2,
        2,
        2,
        2,
        2,
        2,
        2,
        2,
        2,
        2,
        2,
        2,
        2,
        2,
        2,
        2,
        2,
        2,
        2,
        2,
        2,
        2,
        2,
        2,
        2,
        2,
        2,
        2,
        2,
        2,
        2,
        2,
        2,
        2,
        2,
        2,
        3,
        3,
        3,
        3,
        3,
        3,
        3,
        3,
        3,
        3,
        3,
        3,
        3,
        3,
        3,
        3,
        3,
        3,
        3,
        3,
        3,
        3,
        3,
        3,
        3,
        3,
        3,
        3,
        3,
        3,
        3,
        3,
        3,
        3,
        3,
        3,
        3,
        3,
        3,
        3,
        3,
        3,
        3,
        3,
        3,
        3,
        3,
        3,
        3,
        3,
        3,
        3,
        3,
        3,
        3,
        3,
        3,
        3,
        3,
        3,
        4,
        4,
        4,
        4,
        4,
        4,
        4,
        4,
        4,
        4,
        4,
        4,
        4,
        4,
        4,
        4,
        4,
        4,
        4,
        4,
        4,
        4,
        4,
        4,
        4,
        4,
        4,
        4,
        4,
        4,
        4,
        4,
        4,
        4,
        4,
        4,
        4,
        4,
        4,
        4,
        4,
        4,
        4,
        4,
        4,
        4,
        4,
        4,
        5,
        5,
        5,
        5,
        5,
        5,
        5,
        5,
        5,
        5,
        5,
        5,
        5,
        5,
        5,
        5,
        5,
        5,
        5,
        5,
        5,
        5,
        5,
        5,
        5,
        5,
        5,
        5,
        5,
        5,
        5,
        5,
        5,
        5,
        5,
        5
      ]
    }
  },
  "scenes": [
    {
      "id": 1,
      "timeRange": "0.0-2.5",
      "camera": "descending aerial spiral view",
      "background": "quantum fractal stone floor with light halos",
      "lighting": "soft inward spiral glow",
      "focus": "rotating light rings",
      "elements": [
        "spiral lights",
        "stone lattice floor"
      ],
      "transition": "Void to Orbit",
      "metaPulse": "ϕψςΩ-201"
    },
    {
      "id": 2,
      "timeRange": "2.5-5.0",
      "camera": "medium circular tracking shot",
      "background": "ethereal light haze",
      "lighting": "rotating starlight dust",
      "focus": "whirling dervish in white robe",
      "elements": [
        "q-robe",
        "arm halo",
        "starlight motes"
      ],
      "transition": "Inner-Light Bloom",
      "metaPulse": "ϕψςΩ-202"
    },
    {
      "id": 3,
      "timeRange": "5.0-7.5",
      "camera": "ϕ-spiral dolly-in",
      "background": "arched light corridors",
      "lighting": "controlled volumetric gradient",
      "focus": "spiral resonance bloom",
      "elements": [
        "light filaments",
        "marble chiaroscuro"
      ],
      "transition": "Spiral to Heart",
      "metaPulse": "ϕψςΩ-203"
    },
    {
      "id": 4,
      "timeRange": "7.5-9.5",
      "camera": "close circular parallax",
      "background": "starlight dust field",
      "lighting": "entangled photonic shimmer",
      "focus": "hands + halo geometry",
      "elements": [
        "arm halo",
        "micro-orbits"
      ],
      "transition": "Breath to Silence",
      "metaPulse": "ϕψςΩ-204"
    },
    {
      "id": 5,
      "timeRange": "9.5-11.0",
      "camera": "still center lock",
      "background": "stone lattice fades to void",
      "lighting": "soft center pulse",
      "focus": "caption emergence",
      "elements": [
        "caption:You are seen.",
        "final ring"
      ],
      "transition": "Return to Void",
      "metaPulse": "ϕψςΩ-205"
    }
  ],
  "research_appendix": {
    "claims": [
      {
        "id": "metric-acc-01",
        "claim_type": "metric",
        "statement": "Accuracy = 0.92 (placeholder; do not publish without evidence chain).",
        "confidence": 0.0,
        "evidence": [
          {
            "id": "rep-metrics-01",
            "kind": "report",
            "sha256": "0000000000000000000000000000000000000000000000000000000000000000",
            "createdAt": "2026-02-16T00:00:00Z",
            "uri": "(artifacts://metrics-report.pdf)"
          }
        ]
      }
    ]
  },
  "hashes": {
    "canonicalization": {
      "name": "JCS-RFC8785",
      "note": "Canonical bytes produced by JCS."
    },
    "excluded_from_manifest_hash": [
      "hashes"
    ],
    "manifest_body_sha256": "945cff53533b503f8385e6e22a950da63b080f86fcda6fdb6b4866fd0369dc85",
    "scene_sha256": {
      "1": "b4cdb404d50c9a8251c3cf6aa1be02828e6eb5dc8cc95258d7038edb81a301d3",
      "2": "e1472c985e66d47be49fa31243b022fc3f98458e40ff32881c3d037111683a67",
      "3": "f45f7a73f504dd25e22110daf4d78db6a3225f7c1ed0af7063a55f9c3a14aefa",
      "4": "12212857a18a10fa978601e6d2b1a6a9429e906fd7ed697a73c7798ee4884677",
      "5": "6724ba187209702754eab468da00f79fcd3db96147abe896f1e664b3ddfd9b91"
    },
    "randomSeed": 777777,
    "noiseSeed": 141414,
    "signature_policy": {
      "require": "ALL",
      "accepted_algs": [
        "Ed25519",
        "ML-DSA-65"
      ],
      "min_pqc_signatures": 1
    },
    "signatures": [
      {
        "id": "sig-01",
        "alg": "Ed25519",
        "kid": "did:key:example#ed25519-1",
        "createdAt": "2026-02-16T00:00:00Z",
        "signing_scope": "manifest_without_hashes.signatures",
        "hash_binding": {
          "hash_alg": "SHA-256",
          "manifest_body_sha256": "945cff53533b503f8385e6e22a950da63b080f86fcda6fdb6b4866fd0369dc85"
        },
        "sig_b64u": "AAECAwQFBgcICQoLDA0ODxAREhMUFRYXGBkaGxwdHh8"
      }
    ]
  }
}