{
  "storyboardId": "sb_example",
  "manifest_body_sha256": "945cff53533b503f8385e6e22a950da63b080f86fcda6fdb6b4866fd0369dc85",
  "signable_scope": "manifest_without_hashes.signatures",
  "canonicalization_used": "JCS-RFC8785",
  "signable_bytes_sha256": "945cff53533b503f8385e6e22a950da63b080f86fcda6fdb6b4866fd0369dc85",
  "unique_expected_signable_hashes_count": 1,
  "unique_expected_signable_hashes": [
    "945cff53533b503f8385e6e22a950da63b080f86fcda6fdb6b4866fd0369dc85"
  ],
  "signatures": [
    {
      "id": "sig-01",
      "alg": "Ed25519",
      "kid": "did:key:example#ed25519-1",
      "valid": false,
      "pqc": false,
      "expected_signable_bytes_sha256": "945cff53533b503f8385e6e22a950da63b080f86fcda6fdb6b4866fd0369dc85",
      "reason": "example placeholder signature (provide real sig + keys.json to validate)"
    }
  ],
  "policy": {
    "require": "ALL",
    "accepted_algs": [
      "Ed25519",
      "ML-DSA-65"
    ],
    "min_pqc_signatures": 1,
    "satisfied": false,
    "observed_pqc_valid_count": 0,
    "observed_valid_count": 0,
    "mixed_scope_detected": false
  },
  "overall_valid": false,
  "errors": []
}