{
  "base_zip": "OBSCURA_NUCLEAR_ULTRA_FINAL.zip",
  "overlay_zip": "OBSCURA_SUPER_SYSTEM_ULTRA_PATCHED_v1.zip",
  "counts": {
    "only_in_base": 17,
    "only_in_overlay": 44,
    "in_both": 202,
    "conflicts": 3,
    "identical_in_both": 199
  },
  "conflicts": [
    "Makefile",
    "PATCH_NOTES.txt",
    "ui/app.py"
  ],
  "resolution": {
    "ui/app.py": "overlay (patched) kept",
    "PATCH_NOTES.txt": "concatenated + merge stamp",
    "Makefile": "overlay primary + missing targets from base appended"
  },
  "sanity": {
    "ui_app_contains_page_ui_and_no_key_page": true
  },
  "samples": {
    "only_in_base": [
      ".env.example",
      "OPERATIONS.md",
      "alignment/empathic_synthesizer.py",
      "bias/introspective_filter.py",
      "core/domain_logic.py",
      "planetary/ethical_forecast.py",
      "privacy/data_masking.py",
      "scripts/doctor.py",
      "scripts/preflight.sh",
      "security/auth.py",
      "src/katopu_genlab.egg-info/PKG-INFO",
      "src/katopu_genlab.egg-info/SOURCES.txt",
      "src/katopu_genlab.egg-info/dependency_links.txt",
      "src/katopu_genlab.egg-info/requires.txt",
      "src/katopu_genlab.egg-info/top_level.txt",
      "telemetry/metrics.py",
      "ui/app.py.bak"
    ],
    "only_in_overlay": [
      ".pytest_cache/.gitignore",
      ".pytest_cache/CACHEDIR.TAG",
      ".pytest_cache/README.md",
      ".pytest_cache/v/cache/nodeids",
      ".pytest_cache/v/cache/stepwise",
      "api/__pycache__/__init__.cpython-311.pyc",
      "api/app/__pycache__/__init__.cpython-311.pyc",
      "api/app/__pycache__/config.cpython-311.pyc",
      "api/app/__pycache__/main.cpython-311.pyc",
      "docs/quantum_sources/Akdemik makle ve Kuantum.txt",
      "docs/quantum_sources/KUANTUM KOD.txt",
      "docs/quantum_sources/Kuantum kary-topu.txt",
      "docs/quantum_sources/Kuantum programlamada dolaşıklık (entanglement).txt",
      "docs/quantum_sources/README.md",
      "docs/quantum_sources/kantum.txt",
      "docs/quantum_sources/İleri kuantum.txt",
      "src/katopu_core/__pycache__/__init__.cpython-311.pyc",
      "src/katopu_core/__pycache__/apply.cpython-311.pyc",
      "src/katopu_core/__pycache__/nlp.cpython-311.pyc",
      "src/katopu_core/__pycache__/normalize.cpython-311.pyc",
      "src/katopu_core/__pycache__/omega_engine.cpython-311.pyc",
      "src/katopu_policy/__pycache__/__init__.cpython-311.pyc",
      "src/katopu_policy/__pycache__/audit.cpython-311.pyc",
      "src/katopu_policy/__pycache__/evaluator.cpython-311.pyc",
      "src/katopu_privacy/__pycache__/__init__.cpython-311.pyc",
      "src/katopu_privacy/__pycache__/mask.cpython-311.pyc",
      "src/katopu_shared/__pycache__/__init__.cpython-311.pyc",
      "src/katopu_shared/__pycache__/contract_utils.cpython-311.pyc",
      "src/katopu_shared/__pycache__/ids.cpython-311.pyc",
      "src/katopu_telemetry/__pycache__/__init__.cpython-311.pyc"
    ]
  }
}