{
  "super_lab_version": "00",
  "created_utc": "2026-02-03T14:04:36.511636Z",
  "inputs": {
    "PATCHED_v4": {
      "path": "FINAL_DELIVERY_PATCHED_v4.zip",
      "sha256": "c7105df04be2b2b569de0606f0b28e82a9867bdb0529cb839baefee21d9e1627",
      "bytes": 96055,
      "files": 89
    },
    "ULTRA_v2": {
      "path": "FINAL_DELIVERY_OBSCURA_ULTRA_v2.zip",
      "sha256": "4ec15d3ebd9ce6d3d250f48b32d8c0ed2525c910118e96c8e1a9c09c5f07ae65",
      "bytes": 100391,
      "files": 96
    },
    "TOTAL_v1": {
      "path": "OBSCURA_TOTAL_FINAL_v1.zip",
      "sha256": "f30957423e7b893c711ebcbf72f206de1fdbcf41dcf573b41b23771868825d1d",
      "bytes": 100391,
      "files": 96
    }
  },
  "merge_strategy": {
    "baseline": "PATCHED_v4",
    "overlay": [
      "ULTRA_v2",
      "TOTAL_v1 (dedupe)"
    ],
    "conflicts": 0,
    "added_files_from_ultra": [
      "alignment/empathic_synthesizer.py",
      "bias/introspective_filter.py",
      "core/domain_logic.py",
      "planetary/ethical_forecast.py",
      "privacy/data_masking.py",
      "security/auth.py",
      "telemetry/metrics.py"
    ],
    "removed_artifacts": [
      "ui/app.py.bak"
    ],
    "added_files_lab": [
      "LAB_README_TR.md",
      "lab/*",
      "tests/test_api_integration.py",
      "MERGE_REPORT.md",
      "MERGE_MANIFEST.json"
    ]
  }
}